id,owner,name,stars,url,business_model
614765452,Significant-Gravitas,AutoGPT,178668,https://github.com/Significant-Gravitas/AutoGPT,"AutoGPT enables building autonomous AI agents for **SaaS**, **automation**, **chatbot** and white-label **services**, monetizable via **subscriptions**, **hosting services**, selling **templates**, project fees, **training** and **consulting**."
527591471,AUTOMATIC1111,stable-diffusion-webui,156858,https://github.com/AUTOMATIC1111/stable-diffusion-webui,"Turn AUTOMATIC1111's Stable Diffusion web UI into a revenue engine by offering **SaaS** image-generation **services**, paid **templates**, hosting, subscriptions, consulting, and project-based fees, white-label deployments."
658928958,ollama,ollama,153036,https://github.com/ollama/ollama,"Ollama enables deploying OSS LLMs (gpt-oss, DeepSeek‑R1, Gemma 3) to build **chatbot**, **SaaS**, and **automation** products, monetizable via subscriptions, hosting, templates, consulting, and project fees."
155220641,huggingface,transformers,150251,https://github.com/huggingface/transformers,"Leverage Hugging Face Transformers to build **SaaS** products, **chatbot** automation, and fine-tuned models—monetize via **subscriptions**, hosting/managed **services**, consulting, project fees, and selling **templates**."
193215554,n8n-io,n8n,140697,https://github.com/n8n-io/n8n,"n8n enables visual **automation** with 400+ integrations and native AI — monetize via **SaaS** subscriptions, self-host **hosting services**, project-based fees, selling **templates**, and consulting."
552661142,langchain-ai,langchain,116192,https://github.com/langchain-ai/langchain,"LangChain enables building context-aware AI apps (**chatbots**, **automation**) letting you monetize via **SaaS** subscriptions, **services**/consulting, project-based fees, **hosting services**, and selling **templates**."
626805178,langgenius,dify,114958,https://github.com/langgenius/dify,"Dify enables production-ready agentic workflow development to build **SaaS**, **automation**, and **chatbot** **services**, monetizable via subscriptions, managed hosting, project-based fees, selling **templates**, and consulting."
701547123,open-webui,open-webui,110915,https://github.com/open-webui/open-webui,"Open-webui’s user-friendly AI interface enables building **SaaS** chatbots and **automation** tools, monetizable via subscriptions, project-based fees, hosting **services**, selling **templates**, white-label deployments, and enterprise consulting."
589831718,comfyanonymous,ComfyUI,89321,https://github.com/comfyanonymous/ComfyUI,"ComfyUI's modular diffusion GUI/API lets you build a **SaaS** image-generation platform, sell node **templates**, offer hosted **services**, enterprise support, run subscriptions, project-based fees, and consulting."
214587193,supabase,supabase,89113,https://github.com/supabase/supabase,"Supabase provides managed Postgres and APIs to power web, mobile, and AI apps, enabling monetization via **SaaS subscriptions**, **hosting services**, **project-based fees**, **templates**, and **consulting**."
943398999,x1xhlol,system-prompts-and-models-of-ai-tools,87921,https://github.com/x1xhlol/system-prompts-and-models-of-ai-tools,"Monetize a repo of system prompts and open-source AI models by building **SaaS** tools and **chatbot** automation, selling **templates**, subscriptions, hosting, project fees, and consulting."
10744183,netdata,netdata,76027,https://github.com/netdata/netdata,"Netdata delivers AI-powered full-stack observability to lean teams, enabling monetization via **SaaS** subscriptions, managed **hosting**/**services**, project-based fees, **consulting**, white-label solutions, and selling **templates** and **automation**."
695864515,hacksider,Deep-Live-Cam,73334,https://github.com/hacksider/Deep-Live-Cam,"Monetize Deep-Live-Cam’s real-time face-swap by offering **SaaS** platforms, paid **services**, subscription **hosting services**, project-based fees, white-label integrations, selling **templates**, consulting, **automation**, and NFT experiences."
881458615,browser-use,browser-use,70470,https://github.com/browser-use/browser-use,"Leverage browser-use to build AI web automation, chatbots, agent-enabled SaaS and white-label services—monetize via subscriptions, project fees, hosting, selling templates, APIs, NFT tools, consulting."
643445235,lobehub,lobe-chat,65875,https://github.com/lobehub/lobe-chat,"Open-source Lobe Chat builds private, multi-provider **chatbot** apps with RAG and one-click deploy — monetize via **SaaS** subscriptions, hosting **services**, project-based fees, selling **templates**, consulting."
730534580,infiniflow,ragflow,65141,https://github.com/infiniflow/ragflow,"RAGFlow enables building **SaaS** **chatbot** and **automation** platforms using RAG+agents; monetize via subscriptions, hosted **services**, managed project fees, selling **templates**, training, and consulting."
771302083,All-Hands-AI,OpenHands,63770,https://github.com/All-Hands-AI/OpenHands,"OpenHands provides modular AI **templates** and **automation** building blocks to launch **SaaS** or **chatbot** **services**, monetizable via subscriptions, project fees, hosting, template sales, and consulting."
787076358,firecrawl,firecrawl,59577,https://github.com/firecrawl/firecrawl,"Firecrawl turns websites into LLM-ready data enabling **SaaS**, **chatbot** **automation**, data-as-a-service **services**, sellable **templates** — monetizable via subscriptions, project-based fees, hosting services, selling templates, consulting"
646410686,hiyouga,LLaMA-Factory,59328,https://github.com/hiyouga/LLaMA-Factory,"LLaMA-Factory enables efficient fine-tuning of 100+ LLMs/VLMs to monetize via subscriptions (SaaS), hosting services, project-based fees, selling templates, chatbot automation, white-label solutions, and consulting."
599547518,vllm-project,vllm,58905,https://github.com/vllm-project/vllm,"vllm enables high-throughput, memory-efficient LLM inference to build **SaaS**, **hosting services**, **chatbot** platforms and automation — monetize via **subscriptions**, project-based fees, selling **templates**, and **consulting**."
660551251,FoundationAgents,MetaGPT,58697,https://github.com/FoundationAgents/MetaGPT,"MetaGPT’s multi-agent framework enables building **chatbot** and **automation** **SaaS**; monetize via **subscriptions**, project-based fees, **hosting services**, selling **templates**, AI **consulting**, custom integrations, enterprise licensing."
634224458,AntonOsika,gpt-engineer,54902,https://github.com/AntonOsika/gpt-engineer,"gpt-engineer CLI enables rapid AI codegen to build **SaaS**, **automation**, and **chatbot** offerings; monetize via subscriptions, project-based fees, hosting services, selling **templates**, and expert consulting."
130688011,meilisearch,meilisearch,53361,https://github.com/meilisearch/meilisearch,"Use Meilisearch's lightning-fast AI hybrid search to build **SaaS** search features, sell hosted **services**, support **automation** integrations, offer **consulting**, charge **subscriptions**, project fees, and **templates**."
680120071,microsoft,autogen,50164,https://github.com/microsoft/autogen,"Microsoft autogen — an agentic AI framework enabling development of autonomous **chatbot** and **automation** **services**, monetizable via subscriptions, hosting services, project-based fees, selling **templates**, and consulting."
943934999,FoundationAgents,OpenManus,49994,https://github.com/FoundationAgents/OpenManus,"OpenManus enables building customizable AI **automation** and authoring platforms or **SaaS** products, white-label support; monetize via **subscriptions**, **hosting services**, **project-based fees**, selling **templates**, and **consulting**."
649170660,Mintplex-Labs,anything-llm,49417,https://github.com/Mintplex-Labs/anything-llm,"Leverage the anything-llm Desktop/Docker RAG and no-code agent builder to offer **SaaS**, **chatbot** and **automation** **services**, monetized via subscriptions, project-based fees, hosting, selling **templates**, consulting."
725205304,unslothai,unsloth,46163,https://github.com/unslothai/unsloth,"Unsloth enables faster, low‑VRAM fine‑tuning of LLMs to monetize via **SaaS** platforms, managed hosting **services**, subscriptions, project‑based fees, selling **templates**, **automation**, **chatbot** integrations, and consulting."
44662669,dbeaver,dbeaver,45534,https://github.com/dbeaver/dbeaver,"Monetize DBeaver by offering paid **SaaS** subscriptions, enterprise **hosting**, connector **templates** for sale, licensed plugins, project-based fees, managed **services**, and **consulting**, integrations, training, premium support."
560704231,run-llama,llama_index,44434,https://github.com/run-llama/llama_index,"LlamaIndex builds LLM-powered agents over your data to monetize via **SaaS**, **chatbot** products, **automation**, selling **templates**, subscriptions, hosting, project-based fees, and consulting **services**."
621803253,FlowiseAI,Flowise,43929,https://github.com/FlowiseAI/Flowise,"Flowise enables visual AI agent and CHATBOT creation for SAAS, AUTOMATION and SERVICES; monetize via subscriptions, hosting, project fees, selling TEMPLATES and consulting."
422274596,hpcaitech,ColossalAI,41173,https://github.com/hpcaitech/ColossalAI,"Use ColossalAI to build high-performance model **SaaS**, offer managed **hosting** and **consulting** **services**, sell optimized model **templates**, enable **automation**, and charge subscriptions or project-based fees."
668195240,pathwaycom,llm-app,40708,https://github.com/pathwaycom/llm-app,"Prebuilt **templates** for RAG, AI pipelines, enterprise search **automation** syncing SharePoint/S3/Kafka to monetize as **SaaS** via subscriptions, hosting, project fees, template sales, and consulting."
656099147,mem0ai,mem0,40483,https://github.com/mem0ai/mem0,"mem0's universal AI memory enables secure local context for **chatbot** and **automation** products, monetizable via **SaaS** subscriptions, hosting services, project fees, consulting, and selling **templates**."
770153867,harry0703,MoneyPrinterTurbo,40077,https://github.com/harry0703/MoneyPrinterTurbo,"MoneyPrinterTurbo turns AI LLM one-click short-video generation into a monetizable **SaaS**/**automation** product—sell **templates**, white-label/API, provide **services**, hosting, subscriptions, ad-revenue, project fees, or consulting retainers."
519577891,upscayl,upscayl,39920,https://github.com/upscayl/upscayl,"Upscayl enables monetization of an open-source AI image upscaler via **SaaS** hosting, white-label **services**, subscriptions, per-project fees, API access, selling **templates**, priority support, and consulting."
826168160,docling-project,docling,39715,https://github.com/docling-project/docling,"Turn Docling into **SaaS** offering **automation** for document preprocessing for generative AI, enabling **chatbot** integrations and selling **templates**, subscription plans, hosting, consulting, and project fees."
522158088,zhayujie,chatgpt-on-wechat,39193,https://github.com/zhayujie/chatgpt-on-wechat,"Open-source WeChat LLM **chatbot** enabling **automation** and knowledge-base customization with voice image integration, monetizable through **SaaS** subscriptions, hosting **services**, project-based fees, selling **templates**, and consulting."
71932349,ray-project,ray,39098,https://github.com/ray-project/ray,"Use Ray's distributed runtime and libraries to deliver scalable **SaaS** products and **services** (hosted inference, **automation**, **chatbots**), monetized via subscriptions, hosting, project fees, **templates**, consulting."
624994625,suno-ai,bark,38535,https://github.com/suno-ai/bark,"Use Suno’s Bark to build **SaaS** voice-generation **services** and **automation**-driven **chatbots**, monetizing via subscriptions, project-based fees, hosting services, selling voice **templates**, consulting, and licensing."
710601088,crewAIInc,crewAI,38475,https://github.com/crewAIInc/crewAI,"CrewAI's agent-orchestration framework enables **automation** and collaborative **chatbot**/agent **services** for complex tasks, monetizable via **SaaS** subscriptions, **hosting**, project fees, **templates**, and consulting and enterprise integrations."
640079149,QuivrHQ,quivr,38471,https://github.com/QuivrHQ/quivr,"Quivr provides opinionated RAG integration for any LLM/vectorstore to build **chatbot**/**SaaS**/**automation** products — monetize via **subscriptions**, hosting services, selling **templates**, consulting and project fees."
119160553,photoprism,photoprism,38429,https://github.com/photoprism/photoprism,"Photoprism enables building an AI photo-management platform you can monetize via **SaaS** subscriptions, managed **hosting**/**services**, project-based development, premium **templates**, **automation**, paid **API** access, and **consulting**."
679506386,menloresearch,jan,38039,https://github.com/menloresearch/jan,"Jan lets you deploy a local **chatbot** for privacy focused apps; monetize via **SaaS** subscriptions, hosting **services**, project fees, selling **templates**, and consulting."
806709826,2noise,ChatTTS,37881,https://github.com/2noise/ChatTTS,"ChatTTS provides a generative dialogue-to-speech engine to build voice-enabled **chatbot** and **automation** **services**, enabling **SaaS** offerings monetizable via subscriptions, hosting, project fees, **templates**, and consulting."
208728772,milvus-io,milvus,37646,https://github.com/milvus-io/milvus,"Milvus enables scalable vector search for AI apps, letting you offer **SaaS**, **hosting services**, **chatbots** or recommendation engines and monetize through **subscriptions**, **project-based fees**, **templates**, or **consulting**."
393571599,babysor,MockingBird,36662,https://github.com/babysor/MockingBird,"MockingBird clones voices instantly for **SaaS** products, **services**, **chatbot** and content **automation**, monetizable via subscriptions, hosting fees, project contracts, selling **templates** or consulting."
143328315,mindsdb,mindsdb,36150,https://github.com/mindsdb/mindsdb,"MindsDB enables **AI**-driven SQL analytics and **automation** to answer large-scale data questions, enabling monetization via **SaaS** subscriptions, **hosting services**, project fees, selling **templates**, and **consulting**."
621799276,chatchat-space,Langchain-Chatchat,36148,https://github.com/chatchat-space/Langchain-Chatchat,"Use Langchain-Chatchat's **RAG**, **Agent**, and **chatbot** stack with local LLMs to create **SaaS**/**automation** products, sell **templates**, offer **hosting services**, **subscriptions**, project-based fees and consulting."
615869301,mudler,LocalAI,35478,https://github.com/mudler/LocalAI,"LocalAI enables a **self-hosted** OpenAI alternative, letting you monetize by offering **SaaS** subscriptions, **hosting** services, white‑label **chatbots**, automation, selling **templates**, project fees, and consulting."
783512367,RSSNext,Folo,34376,https://github.com/RSSNext/Folo,"Folo aggregates feeds so users can follow everything in one place — monetize as a **SaaS** feed-aggregation **service** with subscriptions, hosting, project-based fees, **templates**, and consulting."
488641606,agno-agi,agno,33861,https://github.com/agno-agi/agno,"agno enables building secure, high-performance multi-agent **automation** and **chatbot** platforms for cloud **services** and **SaaS**, monetizable via subscriptions, hosting, project fees, **templates**, and consulting."
738733003,danielmiessler,Fabric,33572,https://github.com/danielmiessler/Fabric,"Use Fabric’s modular AI prompt framework to build **SaaS**, **automation**, or **chatbot** **services**; monetize via subscriptions, hosting, selling **templates**, project-based fees, and **consulting**."
805155266,CherryHQ,cherry-studio,33523,https://github.com/CherryHQ/cherry-studio,"Cherry Studio's multi-LLM desktop client enables building **SaaS** tools, **chatbot** integrations and workflow **automation**, monetizable via subscriptions, hosting **services**, project fees, **templates**, and consulting directly."
679237742,Pythagora-io,gpt-pilot,33372,https://github.com/Pythagora-io/gpt-pilot,"gpt-pilot enables AI developer **automation** and **chatbot** solutions you can monetize via **subscriptions**, project-based fees, managed **hosting services**, **SaaS** offerings, selling **templates**, and consulting."
21467110,explosion,spaCy,32536,https://github.com/explosion/spaCy,"Use spaCy to build NLP-powered **SaaS**, **chatbot**, and **automation** products for enterprises, monetize via subscriptions, project-based fees, hosting **services**, selling **templates**, licensing, and consulting."
612640604,mckaywrigley,chatbot-ui,32361,https://github.com/mckaywrigley/chatbot-ui,"Use chatbot-ui to deploy customizable **chatbot** platforms and **automation** workflows with **enterprise** integrations, monetizing through **SaaS** subscriptions, **hosting services**, **project-based fees**, selling **templates**, and **consulting**."
614764248,TabbyML,tabby,32139,https://github.com/TabbyML/tabby,"Self-hosted Tabby lets you monetize an AI coding assistant via **SaaS** subscriptions, managed **hosting** and **services**, project-based fees, selling **templates**, **consulting**, and white-label offerings."
955620917,upstash,context7,31496,https://github.com/upstash/context7,"Context7 provides up-to-date LLM code documentation and editor tooling enabling **SaaS** offerings, managed **services** hosting, subscription plans, project fees, selling **templates**, automation, and consulting."
1198539,lutzroeder,netron,31451,https://github.com/lutzroeder/netron,"Netron provides interactive neural-network visualization to power **SaaS**, **services**, model **hosting**, sell **templates**, enable **automation**, charge **subscriptions**, project fees, integration, support, or **consulting**."
396569538,khoj-ai,khoj,31201,https://github.com/khoj-ai/khoj,"Self-hostable AI second brain for building autonomous agents and deep **automation**, enabling monetization via **subscriptions**, project-based fees, **hosting services**, selling **templates**, and consulting."
600596928,danny-avila,LibreChat,30350,https://github.com/danny-avila/LibreChat,"Self-hostable LibreChat enables advanced **chatbot** and **agent** automation across multiple models, monetizable via **SaaS/subscriptions**, **hosting services**, **project-based fees**, **selling templates/presets**, and **consulting**."
178626720,Lightning-AI,pytorch-lightning,30169,https://github.com/Lightning-AI/pytorch-lightning,"PyTorch Lightning streamlines zero-code, multi-GPU/TPU model pretraining and finetuning, enabling monetization via **SaaS**, **hosting services**, **subscriptions**, **project-based fees**, **templates**, and **consulting**."
671269505,BerriAI,litellm,29265,https://github.com/BerriAI/litellm,"litellm provides a Python SDK and LLM Gateway to unify 100+ LLM APIs, enabling **SaaS**, **chatbot**, **automation**, and **services** monetization via subscriptions, hosting, templates, consulting."
644686905,continuedev,continue,29063,https://github.com/continuedev/continue,"Use Continue to build Continuous AI agents for developer workflows and monetize as **SaaS**, **automation**, **chatbot** **services** via subscriptions, hosting, project fees, **templates**, and consulting."
772699441,meta-llama,llama3,28993,https://github.com/meta-llama/llama3,"Meta's Llama 3 enables building production **chatbot**, AI **services**, **SaaS** platforms, **NFT** generators and **automation** tools, monetizable via subscriptions, hosting, project fees, **templates**, or consulting."
778431525,microsoft,graphrag,28335,https://github.com/microsoft/graphrag,"graphrag enables building modular graph-based RAG for **chatbots**, **automation**, and knowledge **services**—monetize via **SaaS** subscriptions, managed hosting, project-based fees, selling **templates**, white-label and consulting."
855528273,voideditor,void,27092,https://github.com/voideditor/void,"Open-source modular editor 'void' enables building custom content editing tools, driving **SaaS**, **services**, **automation**, selling **templates**, subscriptions, hosting, project-based fees, consulting, and white-label integrations."
1042367133,github,spec-kit,26733,https://github.com/github/spec-kit,"Leverage GitHub's spec-kit to rapidly build spec-driven APIs and sell **templates**, **SaaS** developer tooling, **automation** **services**, hosted APIs, subscriptions, project-based fees, and **consulting**."
607289185,microsoft,semantic-kernel,26275,https://github.com/microsoft/semantic-kernel,"Leverage Microsoft Semantic Kernel to build LLM-powered **SaaS**, **chatbot**, and **automation** products; monetize through recurring subscriptions, project fees, **hosting services**, selling **templates**, and consulting."
167694194,blakeblackshear,frigate,26104,https://github.com/blakeblackshear/frigate,"Frigate provides realtime local IP-camera object detection, enabling monetization via hosted NVR SaaS subscriptions, project-based integrations, consulting, managed hosting, hardware bundles, or selling templates."
605673387,labring,FastGPT,25907,https://github.com/labring/FastGPT,"FastGPT builds LLM-based QA with RAG, data processing, and visual workflows to deliver **SaaS**, **automation**, **chatbot** services monetized via subscriptions, hosting, consulting, templates, project fees."
762304524,ComposioHQ,composio,25719,https://github.com/ComposioHQ/composio,"Composio enables **SaaS** apps, **chatbot** and **automation** offerings via 100+ integrations, monetizable through subscriptions, enterprise licenses, project fees, hosting **services**, selling **templates**, and consulting."
679869950,facefusion,facefusion,25273,https://github.com/facefusion/facefusion,"Facefusion's face-manipulation platform enables monetizable **SaaS** products, white‑label **services**, hosted APIs/hosting services, subscription tiers, enterprise licensing, project fees, **templates**, **automation**, marketplace integrations, and consulting."
165041732,go-kratos,kratos,24912,https://github.com/go-kratos/kratos,"Kratos enables rapid development of scalable Go microservices for cloud-native **services**, letting you monetize via **SaaS** subscriptions, hosting/managed **services**, project-based fees, selling **templates**, and consulting."
634043200,modular,modular,24888,https://github.com/modular/modular,"Modular's MAX/Mojo enables fast AI model deployment, letting you monetize via **SaaS** hosting, subscription plans, managed **services**, project-based fees, selling **templates**, **automation**, and consulting."
719367888,datawhalechina,self-llm,24646,https://github.com/datawhalechina/self-llm,"Open-source Chinese LLM/MLLM Linux fine-tuning and deployment guide enables building **SaaS**, managed **hosting services**, selling **templates**, offering **consulting**, **project-based fees** or **subscriptions**."
656227652,CodePhiliaX,Chat2DB,24301,https://github.com/CodePhiliaX/Chat2DB,"Monetize Chat2DB’s AI-driven SQL GUI by offering **SaaS** products, premium **automation** features, **hosting services**, subscriptions, **project-based fees**, selling **templates**, consulting, support, training, enterprise licensing, marketplace listings."
655515393,CopilotKit,CopilotKit,23979,https://github.com/CopilotKit/CopilotKit,"CopilotKit provides a React UI and infrastructure for **chatbots** and in-app **agents**, enabling SaaS **services**, automation, subscriptions, hosting, project fees, selling **templates**, and consulting."
639835356,assafelovic,gpt-researcher,23604,https://github.com/assafelovic/gpt-researcher,"Turn gpt-researcher into a **SaaS** research **service** offering **automation** for deep reports with citations — monetize via **subscriptions**, hosting services, project-based fees, consulting, and selling **templates**."
546206616,chroma-core,chroma,23546,https://github.com/chroma-core/chroma,"Leverage Chroma's open-source AI search/retrieval database to build **SaaS** products, **chatbot** features, and **automation** pipelines—monetize via subscriptions, hosting, project fees, selling **templates**, and consulting **services**."
119190187,gitleaks,gitleaks,23318,https://github.com/gitleaks/gitleaks,"Leverage Gitleaks to automate secret detection and compliance, building **SaaS** security **services** or **automation** tools with subscriptions, hosting fees, project-based fees, selling **templates** or consulting."
221654678,deepset-ai,haystack,22765,https://github.com/deepset-ai/haystack,"Haystack is an **AI orchestration** framework for building production-ready **chatbot**/RAG/semantic search solutions you can monetize via **SaaS subscriptions**, **hosting services**, project fees, templates, and consulting."
820087727,onlook-dev,onlook,22696,https://github.com/onlook-dev/onlook,"Onlook lets teams visually build and edit React apps with AI-driven **automation**, enabling monetization via **SaaS** subscriptions, hosting **services**, project fees, selling **templates**, and **consulting**."
942837343,eyaltoledano,claude-task-master,22297,https://github.com/eyaltoledano/claude-task-master,"Drop-in AI task manager for Cursor/Lovable/Windsurf enabling **automation**, **SaaS** offerings, **chatbot** integrations and sell **templates**, **services**, or offer subscriptions, hosting, project fees and consulting."
136202695,mlflow,mlflow,22222,https://github.com/mlflow/mlflow,"Monetize MLflow by offering **SaaS** model-management and **automation** pipelines, enterprise observability **services**, hosted managed platforms, subscriptions, consulting, training, selling **templates**, integrations, or project-based fees."
631258918,sinaptik-ai,pandas-ai,22155,https://github.com/sinaptik-ai/pandas-ai,"PandasAI enables **chatbot**-style data analysis over SQL/CSV/parquet using LLMs/RAG, enabling **SaaS**, analytics **automation**, enterprise APIs, white-label dashboards, consulting, hosting, subscriptions, **templates**, and project fees."
935604638,Fosowl,agenticSeek,21972,https://github.com/Fosowl/agenticSeek,"agenticSeek enables fully-local autonomous AI agents for self-hosted automation and coding workflows; monetize via recurring SaaS/subscriptions, hosting services, consulting, project fees, or selling deployment templates."
828268839,NirDiamant,RAG_Techniques,21932,https://github.com/NirDiamant/RAG_Techniques,"Use the RAG_Techniques repo to build **chatbot** and **SaaS** knowledge platforms offering **automation** and consulting, monetized via subscriptions, hosting **services**, project fees, and **templates**."
718379614,BuilderIO,gpt-crawler,21923,https://github.com/BuilderIO/gpt-crawler,"Use gpt-crawler to convert websites into custom GPT knowledge bases, enabling **SaaS**, **automation**, **chatbot** offerings monetized via recurring subscriptions, hosting, consulting, templates, or project fees."
198350484,microsoft,unilm,21742,https://github.com/microsoft/unilm,"Leverage UNILM's self-supervised multimodal models to create **SaaS** AI **services** (chatbots, summarizers, vision), enabling revenue via **subscriptions**, **hosting services**, **project-based fees**, **selling templates**, and **consulting**."
773544702,wandb,openui,21726,https://github.com/wandb/openui,"OpenUI converts imagination into live UI, enabling a SaaS design platform that monetizes via subscriptions, project-based fees, hosting services, selling templates, and consulting."
753490180,daytonaio,daytona,21475,https://github.com/daytonaio/daytona,"Daytona provides secure, elastic infrastructure to run AI-generated code, enabling monetization via **SaaS** platforms, **hosting services**, **subscriptions**, **project-based fees**, **consulting**, and **templates** for startups and enterprises."
976921297,asgeirtj,system_prompts_leaks,21444,https://github.com/asgeirtj/system_prompts_leaks,"Monetize leaked system prompts by building a **SaaS** **chatbot** prompt library, selling **templates**, offering prompt-engineering **consulting**, **subscriptions**, **hosting services**, **project-based fees**, white-label integrations, and **automation**."
634081686,mlc-ai,mlc-llm,21399,https://github.com/mlc-ai/mlc-llm,"Use mlc-llm to deploy optimized LLMs across hardware, enabling **SaaS**, **services**, **automation** and **chatbot** products monetized via subscriptions, hosting, project fees, templates sales, and consulting."
749126547,ScrapeGraphAI,Scrapegraph-ai,21381,https://github.com/ScrapeGraphAI/Scrapegraph-ai,"Scrapegraph‑ai provides AI-driven Python web scraping to build paid **services**, **SaaS** products, **automation** tools or **templates**, monetizable via subscriptions, hosting, project fees, support, and consulting."
866513204,HKUDS,LightRAG,21243,https://github.com/HKUDS/LightRAG,"LightRAG enables lightweight retrieval-augmented generation for fast AI assistants, **chatbots**, and **automation**, letting you monetize via **SaaS** subscriptions, **hosting services**, project fees, **consulting**, and **templates**."
633933122,datawhalechina,llm-cookbook,21167,https://github.com/datawhalechina/llm-cookbook,"Use this Chinese LLM cookbook to build and sell **SaaS**, **automation** tools, monetize via subscriptions, enterprise hosting, **templates**, project fees, paid **training** and **consulting** services."
644235905,liguodongiot,llm-action,21017,https://github.com/liguodongiot/llm-action,"Leverage llm-action’s large-model engineering and deployment guides to create **SaaS** products, **chatbot** automation, sell **templates**, offer **services**, managed hosting, subscriptions, and enterprise consulting/project fees."
250213286,huggingface,datasets,20687,https://github.com/huggingface/datasets,"Hugging Face Datasets provides ready-to-use AI datasets and fast tooling for **SaaS**, **automation**, and **chatbot** solutions—monetize through **subscriptions**, **hosting services**, selling **templates**, consulting, or project fees."
640317662,vanna-ai,vanna,20593,https://github.com/vanna-ai/vanna,"Vanna enables LLM-powered Text-to-SQL with RAG, letting you monetize via **SaaS**, **chatbot** integrations, **hosting** and **services**, selling **templates**, recurring subscriptions, custom consulting, and project fees."
570384908,huggingface,peft,19677,https://github.com/huggingface/peft,"PEFT enables efficient fine-tuning of large models, letting you build **SaaS**, **automation**, or **chatbot** **services** monetized via subscriptions, project fees, hosting, templates, or consulting."
66841911,qax-os,excelize,19664,https://github.com/qax-os/excelize,"excelize enables building Go-powered Excel automation and data services, unlocking **SaaS**, **automation**, **services**, and **templates** revenue via subscriptions, project-based fees, hosting, selling templates, and consulting."
674075444,QwenLM,Qwen,19358,https://github.com/QwenLM/Qwen,"Use Alibaba Cloud’s Qwen LLM to build white-label **chatbot** products and **SaaS** offerings, enabling monetization via **subscriptions**, **hosting services**, **project-based fees**, **selling templates**, and **consulting**."
828119367,yamadashy,repomix,19352,https://github.com/yamadashy/repomix,"Repomix packages entire repos into one AI-friendly file enabling **SaaS** tools, **automation**, and **chatbot** integrations—monetize via subscriptions, hosting services, selling **templates**, consulting, or project-based fees."
676672661,langchain-ai,langgraph,19094,https://github.com/langchain-ai/langgraph,"LangGraph builds resilient language-agent graphs to monetize via **SaaS** subscriptions, **automation services**, hosted agent **hosting**, selling agent **templates**, **chatbot** deployments, and **consulting** fees."
614325365,ymcui,Chinese-LLaMA-Alpaca,18928,https://github.com/ymcui/Chinese-LLaMA-Alpaca,"Chinese-LLaMA-Alpaca enables rapid creation of Chinese **chatbot**, **automation**, **SaaS** and enterprise NLP products with fine-tuning and deployment, monetizable via **subscriptions**, **hosting services**, **project-based fees**, **selling templates**, and **consulting**."
599524116,SillyTavern,SillyTavern,18727,https://github.com/SillyTavern/SillyTavern,"SillyTavern provides a customizable LLM frontend for power users, enabling **SaaS**, **automation**, **chatbot**, and **templates** offerings monetized via subscriptions, project-based fees, hosting services, and consulting."
703411624,letta-ai,letta,18515,https://github.com/letta-ai/letta,"Leverage Letta to build stateful, self-improving AI **chatbot** and **automation** products for monetization via **SaaS** subscriptions, project-based fees, hosting **services**, selling **templates**, and **consulting**."
691347156,1Panel-dev,MaxKB,18471,https://github.com/1Panel-dev/MaxKB,"MaxKB enables building enterprise-grade agents, letting you monetize through **SaaS**, **hosting services**, project-based fees, selling **templates**, **automation** integrations, **chatbot** solutions, and consulting."
969010919,nari-labs,dia,18452,https://github.com/nari-labs/dia,"Dia provides ultra-realistic one-pass dialogue TTS you can monetize by offering **SaaS** voice **services**, subscription APIs, **automation**, hosting, project-based fees, selling **templates**, and consulting."
740303686,sgl-project,sglang,18352,https://github.com/sgl-project/sglang,"SGLang speeds productionizing LLM/VLM-powered **SaaS**, **chatbot**, **automation**, and **services**, enabling revenue via subscriptions, hosting/managed services, project-based fees, selling **templates**, usage-based billing, white-label deployments, and consulting."
806854629,datawhalechina,happy-llm,18268,https://github.com/datawhalechina/happy-llm,"happy-llm tutorial enables building scalable production LLM **chatbot** and AI **services** for monetization via **SaaS** subscriptions, hosting services, project-based fees, selling **templates**, and consulting."
876064934,patchy631,ai-engineering-hub,18187,https://github.com/patchy631/ai-engineering-hub,"AI-engineering-hub's LLM/RAG tutorials enable building **SaaS**, **automation**, and **chatbot** offerings with enterprise integrations; monetize via subscriptions, consulting, selling **templates**, project fees, or **hosting services**."
573661753,activepieces,activepieces,18187,https://github.com/activepieces/activepieces,"Activepieces enables building and deploying AI agents, **chatbots** and **automation** workflows/MCPs, letting you monetize via **SaaS** subscriptions, hosted **services**, project fees, selling **templates**, or consulting."
868173144,kortix-ai,suna,18167,https://github.com/kortix-ai/suna,"Kortix Suna builds, manages, and trains AI agents for **automation** and **chatbot** **services**, monetizable via **SaaS** subscriptions, hosting, project fees, selling **templates**, and consulting."
642917329,vercel,ai-chatbot,18132,https://github.com/vercel/ai-chatbot,"Vercel's full-featured, hackable Next.js **chatbot** accelerates building monetizable **SaaS** and **services** with **automation**, enabling subscriptions, hosting services, project fees, selling **templates**, and consulting."
644461337,vercel,ai,18004,https://github.com/vercel/ai,"Use Vercel's open-source **AI** TypeScript SDK to build **chatbot**, **automation**, and **SaaS** products, monetizing via **subscriptions**, **project-based fees**, **hosting services**, **selling templates**, and **consulting**."
573631261,transitive-bullshit,agentic,17982,https://github.com/transitive-bullshit/agentic,"Agentic turns your API into a paid MCP instantly, enabling **automation**, **SaaS** and **chatbot** **services** — monetize via subscriptions, hosting, templates, project fees, or consulting."
926861272,dzhng,deep-research,17792,https://github.com/dzhng/deep-research,"Monetize this deep-research AI as a **SaaS** offering delivering **automation**-driven deep-dive reports, selling **templates**, monthly subscriptions, hosting **services**, **consulting**, or project-based fees."
874559208,deepseek-ai,Janus,17559,https://github.com/deepseek-ai/Janus,"Janus enables **multimodal** AI to build **SaaS**, **chatbot**, and **automation** solutions, monetized via **subscriptions**, **hosting services**, **project-based fees**, **selling templates**, **consulting**."
81887991,microsoft,AirSim,17532,https://github.com/microsoft/AirSim,"Use AirSim to build and validate autonomous vehicle prototypes, offering paid **services**, **SaaS** simulation, **automation** toolkits, selling **templates** and consulting, via subscriptions, hosting, project fees."
1004995740,winfunc,opcode,17491,https://github.com/winfunc/opcode,"Monetize opcode's Claude Code GUI by offering **SaaS** agent hosting, selling **templates**, providing **automation** **services**, **consulting**, managed **hosting**, and project-based fees."
780737106,SWE-agent,SWE-agent,17443,https://github.com/SWE-agent/SWE-agent,"SWE-agent automates GitHub issue remediation with LMs, enabling monetization through SaaS subscriptions, hosted developer services, automation tooling, prompt/templates sales, project fees, and consulting."
627480054,eosphoros-ai,DB-GPT,17367,https://github.com/eosphoros-ai/DB-GPT,"DB-GPT enables building AI-native data apps with AWEL and **agents**, enabling monetization via **SaaS** subscriptions, **services** projects, hosting fees, selling **templates**, and **consulting**."
776908852,browserbase,stagehand,17196,https://github.com/browserbase/stagehand,"Stagehand’s AI browser **automation** framework enables building paid **SaaS** tools and client **services**—monetize via subscriptions, hosting services, project-based fees, selling **templates**, and consulting."
979115477,bytedance,deer-flow,17194,https://github.com/bytedance/deer-flow,"Use DeerFlow to build paid **SaaS** research assistants and **chatbot** tools, offering **subscriptions**, **hosting services**, **project-based fees**, **selling templates**, **consulting**, and premium **support** for enterprise **automation**."
596516907,arc53,DocsGPT,17123,https://github.com/arc53/DocsGPT,"DocsGPT builds private AI agents and enterprise search with **Agent Builder**, **automation**, analysis and **API** — monetize via **SaaS** subscriptions, hosting, project fees, **templates**, consulting."
854807707,NirDiamant,GenAI_Agents,17026,https://github.com/NirDiamant/GenAI_Agents,"GenAI_Agents teaches building interactive generative AI agents, enabling monetization via **SaaS chatbots**, **automation services**, selling **templates**, managed hosting, subscriptions, custom project fees, and **consulting**."
826170402,elizaOS,eliza,16914,https://github.com/elizaOS/eliza,"Eliza empowers companies to deploy white-label autonomous agents, enabling **SaaS**, **automation**, **chatbot**, and **services** offerings—monetize via subscriptions, hosting, consulting, **templates**, project fees, and support."
839037098,mastra-ai,mastra,16845,https://github.com/mastra-ai/mastra,"Mastra’s TypeScript AI agent framework enables rapid **chatbot**, **RAG**, and observability-driven **automation** across GPT/Gemini/Llama, monetizable via **SaaS** subscriptions, hosting, project fees, selling **templates**, and consulting."
640182997,TransformerOptimus,SuperAGI,16735,https://github.com/TransformerOptimus/SuperAGI,"SuperAGI is a dev-first open-source autonomous agent framework enabling **automation** and **chatbot** monetization via **SaaS**, hosting **services**, subscriptions, project-based fees, selling **templates**, consulting."
169975410,leon-ai,leon,16679,https://github.com/leon-ai/leon,"Leon's open-source personal assistant enables building **chatbot** and **automation** **services** for **SaaS** products, monetizable via subscriptions, hosting, selling **templates**, project fees, and consulting."
130430977,kubesphere,kubesphere,16618,https://github.com/kubesphere/kubesphere,"KubeSphere enables monetizable Kubernetes multi-cloud and edge management: sell **SaaS** hosting, managed **services**, automation **templates**, enterprise subscriptions, project-based fees, and consulting."
627561173,mlc-ai,web-llm,16542,https://github.com/mlc-ai/web-llm,"web-llm enables high-performance in-browser LLMs to build **SaaS**, **chatbot**, and **automation** services; monetize via subscriptions, hosting fees, project-based contracts, templates sales, or consulting and support."
642497346,langfuse,langfuse,16518,https://github.com/langfuse/langfuse,"Langfuse's open-source LLM observability, prompt management, automation and evals enable building **SaaS**, offering monitoring **services**, selling prompt **templates**, hosting, subscriptions, project fees, and consulting."
888887358,Max-Eee,NeoPass,16501,https://github.com/Max-Eee/NeoPass,"I won’t help monetize exam‑bypass tools; ethically repackage into educational **SaaS** with paid **services**, **subscriptions**, tutoring, selling **templates**, project‑based fees, **automation**, hosting, and consulting."
615113749,mayooear,ai-pdf-chatbot-langchain,16006,https://github.com/mayooear/ai-pdf-chatbot-langchain,"Leverage this LangChain PDF **chatbot** agent to build SaaS **services**, white-label **automation**, offering subscriptions, hosted services, sellable **templates**, project-based integrations, and **consulting**/implementation fees and retainers."
821372392,HandsOnLLM,Hands-On-Large-Language-Models,15997,https://github.com/HandsOnLLM/Hands-On-Large-Language-Models,"Hands-On-Large-Language-Models provides practical LLM **templates** and code to build **SaaS** **chatbot** and **automation** products, monetizable via **subscriptions**, **hosting services**, **selling templates**, **project-based fees**, and **consulting**."
545814405,camenduru,stable-diffusion-webui-colab,15928,https://github.com/camenduru/stable-diffusion-webui-colab,"Turn this Stable Diffusion WebUI Colab into paid **SaaS** image-generation **services**, monetized by **subscriptions**, hosting **services**, per-image fees, selling **templates**, **consulting**, and **automation** pipelines."
1016323751,google,langextract,15815,https://github.com/google/langextract,"Langextract turns unstructured text into grounded, visualized structured data for monetizable products—SaaS, automation, chatbot integrations, selling templates—via subscriptions, hosting services, project fees, or consulting."
817326197,mediar-ai,screenpipe,15680,https://github.com/mediar-ai/screenpipe,"Open-source local AI app store capturing 24/7 desktop/mic history enables **SaaS**, **automation** workflows and selling **templates**, monetized via subscriptions, hosting services, project fees and consulting."
750678695,xming521,WeClone,15544,https://github.com/xming521/WeClone,"WeClone converts chat logs into personalized LLM-powered digital avatars and **chatbots**, enabling **SaaS** products, subscription hosting, project-based fees, **automation**, template sales, and consulting revenue."
912559512,simstudioai,sim,15461,https://github.com/simstudioai/sim,"Use sim's open-source AI-agent workflow platform to build **SaaS** products, **automation** pipelines, and **chatbot** services, monetizing via subscriptions, hosting, project fees, templates, and consulting."
931352845,linshenkx,prompt-optimizer,15427,https://github.com/linshenkx/prompt-optimizer,"prompt-optimizer can power **SaaS** and **automation** offerings by improving prompt quality for **chatbot** performance, monetizable via subscriptions, consulting, project-based fees, hosting **services**, and selling **templates**."
539888500,Infrasys-AI,AISystem,15180,https://github.com/Infrasys-AI/AISystem,"AISystem enables building optimized AI stacks for enterprises, letting you monetize via **SaaS**, managed **hosting**, enterprise **services**, **consulting**, **project-based fees**, and selling deployment **templates**."
225260962,udecode,plate,15125,https://github.com/udecode/plate,"Plate’s AI-rich text editor enables building **SaaS** authoring tools, **chatbot** inputs, and **templates** — monetize via **subscriptions**, project-based fees, hosting **services**, selling templates, and **consulting**."
964395174,dyad-sh,dyad,15013,https://github.com/dyad-sh/dyad,"Monetize Dyad by launching local AI apps as **SaaS subscriptions**, offering **hosting services**, selling **templates**, charging **project-based fees**, or providing **consulting** for automation and chatbots."
946380199,openai,openai-agents-python,15008,https://github.com/openai/openai-agents-python,"Leverage openai-agents-python to build multi-agent **automation**, **chatbot**, and orchestration platforms; monetize via **SaaS** subscriptions, project fees, hosting **services**, **templates** sales, white-label licensing, and consulting."
299832860,livekit,livekit,14938,https://github.com/livekit/livekit,"LiveKit provides an end-to-end realtime stack for human-AI interactions to build monetizable **SaaS**, **chatbot**, and **automation** offerings via **subscriptions**, **hosting**, project fees, **templates**, and **consulting**."
83878269,iterative,dvc,14914,https://github.com/iterative/dvc,"DVC enables reproducible ML pipelines and data versioning, letting you offer **SaaS**, **automation**, **services**, and monetize via **subscriptions**, **hosting services**, **consulting**, **project-based fees**, or **selling templates**."
620458878,xcanwin,KeepChatGPT,14897,https://github.com/xcanwin/KeepChatGPT,"Monetize KeepChatGPT's security and efficiency features by packaging an enterprise SAAS chatbot security layer, offering subscriptions, hosting, integration templates, project-based fees, and consulting services."
957658915,humanlayer,12-factor-agents,14884,https://github.com/humanlayer/12-factor-agents,"Use the 12‑factor‑agents principles to build scalable, production LLM products and monetize via **SaaS** subscriptions, **consulting**, project fees, hosted **services**, or selling **templates** and **automation**."
222824662,dagger,dagger,14732,https://github.com/dagger/dagger,"Dagger's composable workflow runtime enables **automation**-centric **SaaS** and **services** for AI agents and CI/CD, monetizable via subscriptions, hosting, project-based fees, selling **templates**, and **consulting**."
668122773,LlamaFamily,Llama-Chinese,14702,https://github.com/LlamaFamily/Llama-Chinese,"Leverage Llama-Chinese's open-source Chinese Llama ecosystem to build **SaaS**, **chatbot**, **automation**, and **services**, monetizing via subscriptions, hosting, templates, consulting, project-based fees, paid support and licensing."
914316754,Alibaba-NLP,DeepResearch,14576,https://github.com/Alibaba-NLP/DeepResearch,"DeepResearch provides an open-source deep-research agent to build **SaaS** products, **automation** workflows, **chatbot** services and sell **templates**, monetizable via subscriptions, hosting, project fees, and consulting."
709538270,plandex-ai,plandex,14474,https://github.com/plandex-ai/plandex,"Plandex is an open-source AI coding agent enabling **automation**, **SaaS** tools and **services** for large projects—monetize via subscriptions, hosting, consulting, project fees, and selling templates."
764723738,Skyvern-AI,skyvern,14457,https://github.com/Skyvern-AI/skyvern,"Use Skyvern to build **automation** and **SaaS** browser agents combining LLMs and computer vision, monetizable via subscriptions, hosting **services**, project-based fees, **templates**, and consulting."
698288684,llmware-ai,llmware,14450,https://github.com/llmware-ai/llmware,"llmware lets you build enterprise RAG pipelines with small specialized models, enabling **SaaS subscriptions**, **hosting services**, **project-based fees**, **selling templates**, **consulting**, and **automation** revenue."
903700733,ahmedkhaleel2004,gitdiagram,14328,https://github.com/ahmedkhaleel2004/gitdiagram,"Open-source GitDiagram creates interactive GitHub repo diagrams you can monetize via **SaaS**, **hosting services**, white-label embeds, subscription analytics, selling **templates**, project fees, and **consulting**."
99919302,apache,doris,14321,https://github.com/apache/doris,"Leverage Apache Doris to build high‑performance analytics platforms and monetize via **SaaS**, managed **hosting services**, **subscriptions**, **project-based fees**, selling **templates**, **consulting**, and **automation**."
73964895,botpress,botpress,14218,https://github.com/botpress/botpress,"Botpress enables building and deploying GPT/LLM agents to monetize via **SaaS**/**chatbots**, **automation**/**services**, paid **templates**, enterprise hosting subscriptions, white‑label projects, project fees, recurring support, and consulting."
638951438,comet-ml,opik,14192,https://github.com/comet-ml/opik,"Opik helps trace, evaluate, and monitor LLMs, RAG systems and agentic **automation**, enabling monetization via **SaaS** subscriptions, hosted **services**, project fees, selling dashboards/**templates**, and **consulting**."
1025856648,wshobson,agents,13791,https://github.com/wshobson/agents,"Use this repository’s production-ready Claude Code subagents to build automation and chatbot services, monetize through SaaS subscriptions, hosting, project-based fees, template sales, and consulting."
633262635,onyx-dot-app,onyx,13656,https://github.com/onyx-dot-app/onyx,"Onyx provides team-aware Gen-AI chat tapping internal knowledge, monetizable as a **SaaS** **chatbot** with **subscriptions**, **hosting services**, **automation**, **templates**, white-label **services**, consulting and project fees."
575321313,langbot-app,LangBot,13590,https://github.com/langbot-app/LangBot,"LangBot is an extensible multi-platform **chatbot**/LLM integration framework enabling monetization via **SaaS** subscriptions, hosted **services**, project fees, selling **templates**, **automation** packages, white-label deployments, and consulting."
715427466,SawyerHood,draw-a-ui,13553,https://github.com/SawyerHood/draw-a-ui,"Turn Draw-a-UI into a **SaaS** design-to-code product that sells **templates**, offers subscription plans, hosting **services**, project-based fees, and consulting for **automation** and developer integrations."
958830659,google,adk-python,13248,https://github.com/google/adk-python,"adk-python enables building, evaluating, and deploying customizable AI agents, enabling monetization via **SaaS** subscriptions, **automation**, **chatbot** **services**, project-based fees, hosting, selling **templates**, and consulting."
783829247,elder-plinius,L1B3RT4S,13220,https://github.com/elder-plinius/L1B3RT4S,"L1B3RT4S provides liberation prompt templates for AI-driven assistants you can package into **SaaS**, **chatbot**, automation **services**, sell **templates**, or monetize via subscriptions, hosting, projects, consulting."
1003143578,NirDiamant,agents-towards-production,13185,https://github.com/NirDiamant/agents-towards-production,"Use this production-grade GenAI agents blueprint to build **SaaS**, **automation**, and **chatbot** **services**; monetize via subscriptions, project-based fees, hosting, selling **templates**, and consulting."
181436799,alibaba,MNN,13134,https://github.com/alibaba/MNN,"MNN enables building **enterprise-grade SaaS** and **automation** ML apps (multimodal LLM, 3D avatars) — rapidly monetize via **subscriptions**, **hosting services**, **project-based fees**, **selling templates**, and **consulting**."
953683578,oraios,serena,13111,https://github.com/oraios/serena,"Leverage Serena's semantic retrieval and editing toolkit to build paid **SaaS** developer tools, offering **services**, hosted solutions, subscription tiers, project fees, **templates**, and consulting."
108102826,carla-simulator,carla,13061,https://github.com/carla-simulator/carla,"Monetize CARLA's open-source **simulator** by launching autonomous-driving **SaaS**, offering hosted **services**, selling scenario **templates**, providing **consulting**, training, automation, subscriptions, and project-based fees."
641205268,jujumilk3,leaked-system-prompts,13028,https://github.com/jujumilk3/leaked-system-prompts,"Leaked system prompts repository enables building AI **chatbot** products and **templates** for monetization via **SaaS** subscriptions, project-based fees, hosting **services**, selling prompt libraries, and consulting."
636372163,Lightning-AI,litgpt,12785,https://github.com/Lightning-AI/litgpt,"Leverage litgpt's 20+ LLM recipes to build **SaaS** products, **chatbot** automation, and sell **templates**, offering **hosting** services, subscriptions, project-based fees, and consulting for enterprise adoption."
336274588,PaddlePaddle,PaddleNLP,12777,https://github.com/PaddlePaddle/PaddleNLP,"PaddleNLP accelerates LLM apps with a model zoo, enabling **chatbots**, **automation**, and models; monetize via **subscriptions**, **project based fees**, **hosting services**, **selling templates**, and **consulting**."
541798154,Unstructured-IO,unstructured,12774,https://github.com/Unstructured-IO/unstructured,"Unstructured converts documents into structured data for LLMs, unlocking **SaaS**, **automation**, and **services** opportunities via subscriptions, hosting services, project-based fees, selling **templates**, and consulting."
818331198,pydantic,pydantic-ai,12649,https://github.com/pydantic/pydantic-ai,"Leverage pydantic-ai to rapidly build robust GenAI **agents** for **SaaS**, **chatbot**, and **automation** offerings, monetizing via subscriptions, project-based fees, hosting **services**, selling **templates**, and consulting."
895942941,coderamp-labs,gitingest,12590,https://github.com/coderamp-labs/gitingest,"Gitingest converts GitHub URLs into prompt-ready code extracts, enabling **SaaS** **automation** for developer tools, monetizable via **subscriptions**, **hosting services**, selling **templates**, **project-based fees**, and **consulting**."
758197374,emcie-co,parlant,12533,https://github.com/emcie-co/parlant,"Parlant enables rapid deployment of robust LLM agents for real-world control, enabling **SaaS**, **automation**, **chatbot** products and monetization via subscriptions, hosting, project fees, templates, consulting."
762303728,n8n-io,self-hosted-ai-starter-kit,12530,https://github.com/n8n-io/self-hosted-ai-starter-kit,"Self-hosted AI Starter Kit enables secure local AI workflows to monetize through **SaaS** hosting, **automation** integrations, selling **templates**, offering **services**, subscriptions, consulting, and project-based fees."
572570113,triggerdotdev,trigger.dev,12479,https://github.com/triggerdotdev/trigger.dev,"Use Trigger.dev to build and deploy AI agents and workflows, enabling **SaaS**, **automation**, and monetization via **subscriptions**, **project-based fees**, **hosting services**, **selling templates**, or **consulting**."
742244656,agentscope-ai,agentscope,12454,https://github.com/agentscope-ai/agentscope,"Use AgentScope to rapidly build LLM-based **chatbot** and **automation** agents, monetize via enterprise **SaaS** subscriptions, white-label hosted **services**, project-based fees, selling **templates**, and consulting."
642608852,ShishirPatil,gorilla,12440,https://github.com/ShishirPatil/gorilla,"Gorilla trains and evaluates LLM function-call behavior to build **SaaS**, **automation**, and **chatbot**, monetizable via subscriptions, **hosting services**, selling **templates**, and **consulting** or project fees."
726082384,wasp-lang,open-saas,12411,https://github.com/wasp-lang/open-saas,"open-saas provides a full-featured, community-driven **SaaS** starter (React/Node) enabling fast productization to monetize via **subscriptions**, **hosting services**, **project-based fees**, selling **templates**, and **consulting**."
636787031,eugeneyan,open-llms,12411,https://github.com/eugeneyan/open-llms,"Leverage the curated open-LLMs list to build **SaaS** **chatbot**, white-label **automation** **services**, monetizing via **subscriptions**, hosting/managed fees, project-based contracts, selling **templates**, and consulting support."
575865240,AstrBotDevs,AstrBot,12272,https://github.com/AstrBotDevs/AstrBot,"AstrBot enables deploying multi-platform **chatbot** and **automation** services with LLM integrations, monetizable through **SaaS**, **subscriptions**, managed **hosting services**, project-based fees, **templates**, and consulting."
509949415,willwulfken,MidJourney-Styles-and-Keywords-Reference,12245,https://github.com/willwulfken/MidJourney-Styles-and-Keywords-Reference,"MidJourney styles/keywords reference speeds AI creative output for **services**, **SaaS**, and **automation**, unlocks revenue via subscriptions, selling **templates**, project-based fees, consulting, and hosting."
771350543,Canner,WrenAI,12070,https://github.com/Canner/WrenAI,"WrenAI's GenBI turns natural-language into SQL, charts, and insights to launch **SaaS**, **automation**, and **services**, monetize via subscriptions, hosting, project fees, selling **templates**, consulting."
497512032,zai-org,CogVideo,11953,https://github.com/zai-org/CogVideo,"CogVideo provides state-of-the-art text/image-to-video generation enabling **SaaS**, **automation**, **chatbot**, and **templates** offerings, monetizable via subscriptions, project-based fees, hosting services, template sales, and consulting."
618613272,h2oai,h2ogpt,11915,https://github.com/h2oai/h2ogpt,"Deploy H2OGPT to build private **chatbot** and document-aware AI solutions for enterprises, monetizing via **SaaS** subscriptions, project-based fees, hosting **services**, selling **templates**, and consulting."
502863191,xszyou,Fay,11875,https://github.com/xszyou/Fay,"Fay connects digital humans and LLMs to power **chatbot** and **automation** experiences, enabling monetization via **SaaS** subscriptions, hosting **services**, selling **templates**, project fees, and consulting."
613731840,RUCAIBox,LLMSurvey,11841,https://github.com/RUCAIBox/LLMSurvey,"LLMSurvey compiles LLM research to accelerate building **SaaS**, **chatbot**, and **automation** products, enabling monetization through **subscriptions**, **project-based fees**, **hosting services**, **consulting**, and selling **templates**."
629749002,bentoml,OpenLLM,11808,https://github.com/bentoml/OpenLLM,"OpenLLM runs open-source LLMs as OpenAI-compatible APIs enabling **SaaS** **services** and **chatbot** automation; monetize via subscriptions, hosting services, project fees, selling **templates**, and consulting."
812975380,agent0ai,agent-zero,11779,https://github.com/agent0ai/agent-zero,"Agent Zero AI framework enables building autonomous agents for **automation**, **chatbot**, and **SaaS** products; monetize commercially via subscriptions, project-based fees, hosted **services**, **templates**, and consulting."
286301447,neuml,txtai,11637,https://github.com/neuml/txtai,"txtai enables building **semantic search**, **chatbot**, and **LLM orchestration** apps to monetize via **SaaS** subscriptions, **hosting services**, selling **templates**, project-based fees, and **consulting**."
636693030,GoogleCloudPlatform,generative-ai,11622,https://github.com/GoogleCloudPlatform/generative-ai,"Leverage Google Cloud Gemini code and notebooks to build **SaaS** **chatbot** and **automation** solutions, monetizing via **subscriptions**, project-based fees, hosting services, selling **templates**, and **consulting**."
163346054,ludwig-ai,ludwig,11589,https://github.com/ludwig-ai/ludwig,"Use Ludwig's low-code model builder to monetize AI products via **SaaS**, managed **hosting** and **services**, subscription tiers, project-based fees, selling **templates**, **chatbot** automation, and **consulting**."
959473422,The-Pocket,PocketFlow-Tutorial-Codebase-Knowledge,11521,https://github.com/The-Pocket/PocketFlow-Tutorial-Codebase-Knowledge,"Leverage PocketFlow’s tutorial codebase to build **SaaS** model-compression tools and **automation** pipelines, monetizable via subscriptions, hosting **services**, project fees, selling **templates**, and **consulting**."
590604203,TheR1D,shell_gpt,11391,https://github.com/TheR1D/shell_gpt,"Turn shell_gpt into a paid developer tool: offer **SaaS** command-line **automation** subscriptions, consulting, hosted **services**, premium **templates**, and project-based fees for integrations and training."
942756187,ConardLi,easy-dataset,10917,https://github.com/ConardLi/easy-dataset,"easy-dataset streamlines LLM fine-tuning dataset creation, enabling **SaaS** and **automation** services, **chatbot** improvements, selling dataset **templates**, subscriptions, hosting, enterprise licensing, white-label solutions, project fees, consulting."
931892749,GLips,Figma-Context-MCP,10901,https://github.com/GLips/Figma-Context-MCP,"Deploy MCP server integrating Figma layout context for AI coding agents to offer **SaaS** design-to-code **automation**, sell **services** and **templates**, charge subscriptions, hosting, and consulting."
637924634,explodinggradients,ragas,10866,https://github.com/explodinggradients/ragas,"Ragas streamlines LLM evaluation to build paid **SaaS** tools and **automation** workflows for enterprises, monetizable via **subscriptions**, **project-based fees**, **hosting services**, **selling templates**, and **consulting**."
975318071,AsyncFuncAI,deepwiki-open,10834,https://github.com/AsyncFuncAI/deepwiki-open,"DeepWiki-Open converts codebases into AI-powered documentation wikis, enabling **SaaS**, **automation**, and **templates** businesses via subscriptions, hosting services, project fees, selling templates, white-label, and consulting."
142422739,google,dopamine,10805,https://github.com/google/dopamine,"Dopamine enables rapid prototyping of reinforcement-learning algorithms to monetize via **SaaS** platforms, **subscriptions**, **hosting services**, **project-based fees**, **selling templates**, **consulting**, and **automation services**."
156332497,codota,TabNine,10805,https://github.com/codota/TabNine,"Use TabNine's AI code completions to build paid **SaaS** developer tools and **services**—offer hosted APIs, subscriptions, enterprise licenses, consulting, project fees, and sell IDE **templates**."
660489378,microsoft,promptflow,10765,https://github.com/microsoft/promptflow,"Promptflow enables LLM app prototyping, testing, deployment and monitoring, letting teams build **SaaS**, **chatbot** and **automation** offerings monetized via subscriptions, hosting, templates, project fees and consulting."
881171866,WEIFENG2333,VideoCaptioner,10744,https://github.com/WEIFENG2333/VideoCaptioner,"VideoCaptioner enables **automated** LLM-powered video subtitling; monetize as a **SaaS** with **subscriptions**, offer **project-based fees**, **hosting services**, sell subtitle **templates**, and **consulting services**."
613984283,Chainlit,chainlit,10741,https://github.com/Chainlit/chainlit,"Chainlit lets you build **chatbot** conversational UIs fast, enabling **SaaS** subscriptions, **hosting services**, selling **templates** and **automation** tools, white-label projects, project-based fees, and **consulting**."
673596675,FlagOpen,FlagEmbedding,10594,https://github.com/FlagOpen/FlagEmbedding,"FlagEmbedding enables fast retrieval-augmented LLM apps for **chatbot**, **automation**, and knowledge **services**; monetize via **SaaS**, **subscriptions**, **hosting services**, **project-based fees**, **selling templates**, or **consulting**"
944976593,tadata-org,fastapi_mcp,10558,https://github.com/tadata-org/fastapi_mcp,"fastapi_mcp exposes FastAPI endpoints as MCP tools with Auth, enabling **SaaS**, **automation**, **chatbot** integrations and monetization via **subscriptions**, **hosting services**, **project-based fees**, **templates**, **consulting**, and **white-labeling**."
627727693,axolotl-ai-cloud,axolotl,10486,https://github.com/axolotl-ai-cloud/axolotl,"Axolotl enables scalable, private LLM orchestration and **automation** for building **chatbot** and inference **services**, monetizable via **SaaS** subscriptions, hosting fees, consulting, project-based work, or selling **templates**."
697302510,mistralai,mistral-inference,10479,https://github.com/mistralai/mistral-inference,"Use Mistral-Inference to build high-performance **chatbot**, **SaaS**, and **automation** products, monetized via **subscriptions**, hosting/managed **services**, project fees, **templates**, per-inference pricing, consulting, enterprise licensing."
832452447,web-infra-dev,midscene,10372,https://github.com/web-infra-dev/midscene,"midscene enables building AI-driven Web/Android **automation** and testing pipelines for developers and enterprises, monetizable through **SaaS** subscriptions, **hosting services**, project-based fees, selling **templates**, and **consulting** support."
942867788,elder-plinius,CL4R1T4S,10362,https://github.com/elder-plinius/CL4R1T4S,"Leverage CL4R1T4S' leaked system prompts to build **SaaS** **chatbot** **automation** and **templates** white-label platforms, monetized via subscriptions, hosting **services**, selling templates, project fees, consulting."
86031674,wandb,wandb,10359,https://github.com/wandb/wandb,"Leverage **wandb** to build ML experiment tracking, model deployment and **automation** products, monetized via **SaaS subscriptions**, **hosting**, **project-based fees**, selling **templates**, and **consulting**."
829640443,tensorzero,tensorzero,10337,https://github.com/tensorzero/tensorzero,"TensorZero offers an industrial LLM stack to build **SaaS**, **chatbot**, and **automation** **services**, enabling monetization via subscriptions, hosting, project-based fees, **templates**, and consulting."
673412924,modelscope,ms-swift,10076,https://github.com/modelscope/ms-swift,"ms-swift enables fine-tuning 700+ LLMs/MLLMs for production, letting you build **SaaS**, **chatbot**, **automation** and **services** products—monetize via subscriptions, hosting, templates, consulting, and project fees."
917437058,openai,openai-realtime-agents,6447,https://github.com/openai/openai-realtime-agents,"OpenAI-realtime-agents showcases agentic Realtime API patterns to create commercial **chatbot** and **automation** services, monetizable through **SaaS** subscriptions, hosting, templates, project fees, and consulting."
